author,date,files_changed
David Lord,2025-06-10 09:50:46,3
David Lord,2025-06-10 09:50:36,3
David Lord,2025-06-10 03:03:44,9
David Lord,2025-06-10 03:03:26,9
David Lord,2025-06-10 03:01:31,9
David Lord,2025-06-08 22:24:32,13
David Lord,2025-06-08 22:22:11,11
David Lord,2025-06-08 22:17:45,2
David Lord,2025-06-08 22:13:05,2
David Lord,2025-05-20 22:00:04,1
AJ Jordan,2025-05-20 21:56:17,1
David Lord,2025-05-13 21:05:41,11
David Lord,2025-05-13 21:01:54,11
David Lord,2025-05-13 20:40:30,4
David Lord,2025-05-13 20:39:39,1
David Lord,2025-05-13 20:31:42,3
David Lord,2025-05-13 20:21:12,3
David Lord,2025-05-13 20:16:54,4
David Lord,2025-05-13 07:00:27,1
James Addison,2025-05-13 07:00:27,3
David Lord,2025-05-12 06:38:43,23
David Lord,2025-05-12 06:34:35,24
David Lord,2025-05-12 06:28:53,24
David Lord,2025-05-11 18:28:48,11
David Lord,2025-03-31 01:47:17,21
David Lord,2025-03-31 01:45:54,2
CoolCat467,2025-03-31 01:44:25,2
David Lord,2025-03-30 04:27:16,2
David Lord,2025-03-30 04:15:11,2
David Lord,2025-03-30 04:12:58,2
David Lord,2025-03-30 04:02:28,1
David Lord,2025-03-30 04:00:56,1
David Lord,2025-03-30 03:58:27,1
David Lord,2025-03-30 03:53:34,1
David Lord,2025-03-30 03:47:48,1
black,2025-03-30 03:46:24,1
David Lord,2025-03-30 03:45:04,2
George Waters,2025-03-30 03:43:23,2
David Lord,2025-03-30 03:40:55,1
kotvkvante,2025-03-30 03:39:26,1
David Lord,2025-03-30 03:19:06,1
zhuangzhuang,2025-03-30 03:17:41,1
David Lord,2025-03-30 03:14:59,10
David Lord,2025-03-30 03:07:13,1
David Lord,2025-01-05 22:40:00,0
David Lord,2025-01-05 22:39:33,5
David Lord,2025-01-05 22:39:32,1
David Lord,2025-01-05 22:32:41,5
David Lord,2025-01-05 22:31:49,1
David Lord,2024-11-24 07:24:29,3
David Lord,2024-11-24 07:22:56,2
kurtatter,2024-11-24 07:20:40,2
David Lord,2024-11-24 05:36:37,1
David Lord,2024-11-24 05:33:47,1
David Lord,2024-11-24 05:31:16,2
David Lord,2024-11-24 05:29:30,2
David Lord,2024-11-24 05:11:36,2
David Lord,2024-11-24 05:03:38,2
David Lord,2024-11-21 09:07:06,1
David Lord,2024-11-13 23:57:38,2
David Lord,2024-11-13 23:50:07,2
David Lord,2024-11-13 22:53:24,1
David Lord,2024-11-13 22:18:10,7
David Lord,2024-11-13 22:13:48,11
David Lord,2024-11-13 21:57:11,1
David Lord,2024-11-13 21:52:57,1
David Lord,2024-11-13 10:33:23,4
David Lord,2024-11-13 10:31:55,4
David Lord,2024-11-12 23:43:39,5
David Lord,2024-11-12 22:28:08,5
David Lord,2024-11-08 23:25:00,4
David Lord,2024-11-08 23:18:59,4
David Lord,2024-11-08 21:46:04,12
David Lord,2024-11-08 21:39:01,12
David Lord,2024-11-08 01:26:26,3
David Lord,2024-11-08 01:24:29,3
David,2024-11-06 23:17:57,1
David Lord,2024-11-02 06:36:34,1
David Lord,2024-11-02 06:36:11,10
David Lord,2024-11-02 06:30:39,7
David Lord,2024-11-02 05:48:52,2
David Lord,2024-11-02 05:14:17,1
David Lord,2024-11-02 04:56:37,5
David Lord,2024-11-02 04:54:15,5
David Lord,2024-11-02 01:51:35,7
David Lord,2024-11-02 01:47:53,7
David Lord,2024-11-01 01:45:29,14
David Lord,2024-11-01 01:41:06,5
David Lord,2024-11-01 01:38:52,6
David Lord,2024-11-01 01:38:52,8
David Lord,2024-11-01 01:02:10,12
David Lord,2024-11-01 01:00:53,12
David Lord,2024-10-25 03:24:53,10
bre-17387639,2024-10-25 03:16:34,10
David Lord,2024-10-25 01:59:34,1
David Lord,2024-10-25 01:58:57,7
David Lord,2024-10-25 01:58:46,1
David Lord,2024-10-25 01:57:52,6
David Lord,2024-10-24 02:15:17,3
David Lord,2024-10-23 02:46:56,1
Catarina Bressan,2024-10-23 02:02:02,1
David Lord,2024-10-19 01:52:45,2
David Lord,2024-10-19 01:49:51,2
David Lord,2024-10-19 01:34:35,1
David Lord,2024-10-19 01:29:21,1
David Lord,2024-10-18 22:33:49,1
David Lord,2024-10-18 22:33:09,9
David Lord,2024-10-18 22:32:35,9
Grey Li,2024-09-24 06:24:01,1
David Lord,2024-09-01 21:34:14,1
David Lord,2024-09-01 21:18:02,2
David Lord,2024-09-01 21:02:27,1
David Lord,2024-08-24 06:35:21,1
David Lord,2024-08-24 05:50:31,6
David Lord,2024-08-24 05:48:38,6
David Lord,2024-08-24 05:11:53,6
David Lord,2024-08-24 05:11:39,6
David Lord,2024-08-24 05:04:57,16
David Lord,2024-08-24 05:03:59,1
David Lord,2024-08-24 05:03:52,2
David Lord,2024-08-24 05:03:40,1
David Lord,2024-08-24 05:03:27,9
David Lord,2024-08-24 05:03:00,2
David Lord,2024-08-06 21:01:00,1
pre-commit-ci[bot],2024-08-06 04:39:19,1
David Lord,2024-08-03 19:58:45,2
dependabot[bot],2024-08-01 21:18:34,2
David Lord,2024-07-11 07:46:46,4
David Lord,2024-07-11 07:44:06,4
David Lord,2024-07-11 06:38:49,1
Amirreza A,2024-07-11 06:36:15,1
David Lord,2024-07-02 16:47:59,1
pre-commit-ci[bot],2024-07-02 05:45:33,1
David Lord,2024-07-02 04:44:08,3
David Lord,2024-07-02 01:17:02,2
dependabot[bot],2024-07-01 21:26:20,2
dependabot[bot],2024-07-01 20:58:16,3
pgjones,2024-06-08 00:34:18,4
David Lord,2024-06-04 03:55:32,1
pre-commit-ci[bot],2024-06-04 03:40:27,1
David Lord,2024-06-01 21:31:46,2
dependabot[bot],2024-06-01 21:25:45,2
David Lord,2024-06-01 20:46:45,3
dependabot[bot],2024-06-01 20:42:17,3
David Lord,2024-05-26 00:02:15,1
Heisenberg,2024-05-25 23:58:19,1
David Lord,2024-05-25 23:57:37,1
Jake Tanis,2024-05-25 23:55:24,1
David Lord,2024-05-25 22:57:04,1
Éloi Rivard,2024-05-25 22:53:44,1
David Lord,2024-05-11 21:10:26,2
David Lord,2024-05-11 21:09:30,2
David Lord,2024-05-11 21:07:47,2
David Lord,2024-05-07 03:58:44,1
pre-commit-ci[bot],2024-05-07 03:35:35,1
David Lord,2024-05-06 22:54:44,5
David Lord,2024-05-06 22:53:10,1
dependabot[bot],2024-05-06 22:49:27,4
David Lord,2024-05-06 22:47:48,2
dependabot[bot],2024-05-06 22:46:26,2
David Lord,2024-05-06 22:43:35,2
David Lord,2024-05-06 22:42:32,1
David Lord,2024-05-06 22:39:58,1
David Lord,2024-05-02 17:40:51,1
JamesMRamm,2024-05-02 13:27:34,1
David Lord,2024-04-24 05:24:09,3
dependabot[bot],2024-04-24 05:22:58,3
David Lord,2024-04-24 05:22:13,2
dependabot[bot],2024-04-24 05:20:43,2
David Lord,2024-04-24 05:19:42,1
David Lord,2024-04-24 05:01:03,1
David Lord,2024-04-09 03:59:31,2
David Lord,2024-04-09 03:58:57,1
David Lord,2024-04-09 03:58:28,1
David Lord,2024-04-08 00:59:49,2
David Lord,2024-04-08 00:58:51,8
David Lord,2024-04-08 00:57:04,1
David Lord,2024-04-08 00:47:41,1
David Lord,2024-04-08 00:46:22,5
pgjones,2024-04-08 00:43:02,5
David Lord,2024-04-08 00:33:19,1
David Lord,2024-04-08 00:12:24,2
David Lord,2024-04-08 00:11:13,2
David Lord,2024-04-07 23:52:02,2
David Lord,2024-04-07 23:41:26,3
dependabot[bot],2024-04-07 23:34:59,3
David Lord,2024-04-07 23:33:46,37
David Lord,2024-04-07 22:54:40,37
David Lord,2024-04-07 04:47:13,1
Sviatoslav Sydorenko (Святослав Сидоренко),2024-02-27 05:54:27,1
David Lord,2024-02-13 02:20:45,1
pre-commit-ci[bot],2024-02-06 01:58:43,1
David Lord,2024-02-04 02:43:41,5
David Lord,2024-02-04 02:42:15,2
David Lord,2024-02-04 02:24:41,2
David Lord,2024-02-04 02:09:33,3
Tony Huang,2024-02-04 02:06:06,3
David Lord,2024-02-04 01:48:40,2
Cody Scott,2024-02-04 01:44:38,2
David Lord,2024-02-03 23:11:38,2
David Lord,2024-02-03 21:10:27,4
David Lord,2024-02-03 21:05:16,2
dependabot[bot],2024-02-01 21:11:57,4
dependabot[bot],2024-02-01 21:01:35,2
David Lord,2024-01-19 01:50:56,30
David Lord,2024-01-19 01:33:25,2
David Lord,2024-01-19 01:27:33,2
David Lord,2024-01-19 01:27:22,1
David Lord,2024-01-19 01:23:19,1
David Lord,2024-01-19 01:11:38,3
David Lord,2024-01-18 22:46:53,28
David Lord,2024-01-18 22:45:01,3
David Lord,2024-01-16 23:42:10,3
David Lord,2024-01-16 23:41:13,24
David Lord,2024-01-15 21:22:57,2
David Lord,2024-01-15 21:22:35,2
David Lord,2024-01-15 21:19:02,2
pre-commit-ci[bot],2024-01-02 01:54:30,1
pre-commit-ci[bot],2024-01-02 01:54:10,1
David Lord,2024-01-01 20:51:54,3
dependabot[bot],2024-01-01 20:41:19,3
David Lord,2023-12-14 05:58:13,1
David Lord,2023-12-14 05:57:37,1
David Lord,2023-12-14 04:43:41,3
David Lord,2023-12-14 04:43:22,1
Ben Huebscher,2023-12-14 04:40:47,1
David Lord,2023-12-14 04:36:37,2
lizard,2023-12-14 04:35:03,2
David Lord,2023-12-14 04:31:14,3
dependabot[bot],2023-12-14 04:28:31,3
David Lord,2023-12-05 03:56:30,2
David Lord,2023-12-05 03:56:15,1
pre-commit-ci[bot],2023-12-05 01:59:39,1
dependabot[bot],2023-12-01 21:17:14,2
David Lord,2023-11-16 02:33:05,3
David Lord,2023-11-16 02:25:43,2
Daniel Isaac,2023-11-16 02:23:22,2
David Lord,2023-11-16 02:20:46,2
David Lord,2023-11-16 02:18:42,1
David Lord,2023-11-16 02:17:41,1
David Lord,2023-11-16 02:14:20,16
David Lord,2023-11-16 01:49:59,1
David Lord,2023-11-16 01:49:59,1
David Lord,2023-11-16 01:44:51,0
David Lord,2023-11-16 01:44:37,26
David Lord,2023-11-10 02:59:20,26
David Lord,2023-11-09 23:57:01,26
David Lord,2023-11-09 22:34:52,2
dependabot[bot],2023-11-09 22:31:38,2
David Lord,2023-11-09 22:30:37,20
David Lord,2023-11-09 22:26:36,1
David Lord,2023-11-09 22:26:36,17
David Lord,2023-11-09 22:15:23,1
David Lord,2023-11-09 22:10:39,1
David Lord,2023-11-09 22:09:48,1
David Lord,2023-10-28 21:12:53,1
Resistor-git,2023-10-28 13:34:03,0
Resistor-git,2023-10-28 13:08:33,1
David Lord,2023-10-20 22:20:00,1
Arnout Engelen,2023-10-20 20:47:24,1
Iztok Fister Jr,2023-10-07 06:06:39,1
Akinola Abiodun Emmanuel,2023-10-07 05:07:42,1
pgjones,2023-09-30 20:07:24,2
pgjones,2023-09-30 20:07:24,4
pgjones,2023-09-30 19:55:31,3
nick2202,2023-09-24 20:28:22,1
David Lord,2023-09-06 02:32:38,1
David Lord,2023-09-06 02:32:28,1
David Lord,2023-09-06 02:31:15,2
dependabot[bot],2023-09-01 22:00:35,1
dependabot[bot],2023-09-01 22:00:31,1
dependabot[bot],2023-09-01 22:00:27,2
David Lord,2023-08-29 18:39:59,3
David Lord,2023-08-29 18:33:11,3
David Lord,2023-08-27 21:51:54,1
pgjones,2023-08-27 19:42:04,1
David Lord,2023-08-22 01:22:54,2
David Lord,2023-08-21 22:55:35,2
David Lord,2023-08-21 22:42:54,8
David Lord,2023-08-21 22:12:21,8
David Lord,2023-08-21 22:09:10,8
David Lord,2023-08-20 22:02:09,14
pgjones,2023-08-19 23:55:36,1
pgjones,2023-08-19 23:05:15,1
pgjones,2023-08-19 23:05:15,1
pgjones,2023-08-19 23:05:15,1
pgjones,2023-08-19 23:05:15,2
pgjones,2023-08-19 23:05:15,1
pgjones,2023-08-19 23:05:14,10
pgjones,2023-08-19 23:05:00,6
David Lord,2023-08-17 03:38:52,7
David Lord,2023-08-17 03:30:49,7
David Lord,2023-08-17 03:11:57,2
David Lord,2023-08-17 03:00:03,1
David Lord,2023-08-17 02:59:39,1
David Lord,2023-08-17 02:55:53,1
pavithra,2023-08-17 02:55:36,1
David Lord,2023-08-17 02:08:05,0
David Lord,2023-08-17 02:07:56,1
David Lord,2023-08-17 02:07:26,1
David Lord,2023-08-17 02:05:46,1
David Lord,2023-08-17 02:05:13,1
hauntsaninja,2023-08-17 02:03:13,1
David Lord,2023-08-17 02:00:18,4
David Lord,2023-08-17 01:59:25,3
David Lord,2023-08-01 22:29:06,1
David Lord,2023-08-01 22:28:55,2
dependabot[bot],2023-08-01 22:26:22,1
dependabot[bot],2023-08-01 22:26:18,2
David Lord,2023-08-01 21:47:47,1
pre-commit-ci[bot],2023-08-01 14:15:55,1
David Lord,2023-07-04 18:48:22,1
pre-commit-ci[bot],2023-07-04 12:06:29,1
David Lord,2023-07-03 18:28:14,1
Pamela Fox,2023-07-03 18:21:06,1
David Lord,2023-07-01 21:54:20,2
David Lord,2023-07-01 21:54:11,1
David Lord,2023-07-01 21:53:57,1
David Lord,2023-07-01 21:53:35,1
dependabot[bot],2023-07-01 21:46:28,2
dependabot[bot],2023-07-01 21:46:25,1
dependabot[bot],2023-07-01 21:46:22,1
dependabot[bot],2023-07-01 21:46:19,1
David Lord,2023-06-30 05:58:25,1
ToolMoney,2023-06-30 05:50:35,1
David Lord,2023-06-28 02:48:56,14
David Lord,2023-06-28 02:48:18,1
David Lord,2023-06-28 02:47:46,13
David Lord,2023-06-28 02:43:56,7
David Lord,2023-06-28 02:43:56,5
David Lord,2023-06-28 02:43:56,2
David Lord,2023-06-27 21:00:43,1
David Lord,2023-06-27 20:59:41,1
David Lord,2023-06-27 20:12:06,2
David Lord,2023-06-27 20:11:15,2
David Lord,2023-06-27 19:41:37,8
David Lord,2023-06-27 19:41:22,7
David Lord,2023-06-21 22:02:37,1
mohammad m. moniri,2023-06-21 22:00:03,1
David Lord,2023-06-09 22:11:25,4
David Lord,2023-06-09 22:11:17,2
David Lord,2023-06-09 22:08:59,3
David Lord,2023-06-09 22:04:42,3
David Lord,2023-06-09 03:03:28,2
David Lord,2023-06-09 03:03:16,2
David Lord,2023-06-08 01:52:15,8
David Lord,2023-06-08 01:51:49,6
David Lord,2023-06-08 01:48:49,4
David Lord,2023-06-08 01:43:41,3
David Lord,2023-06-08 01:40:39,2
David Lord,2023-06-08 01:23:30,2
David Lord,2023-06-06 22:00:34,1
pre-commit-ci[bot],2023-06-06 21:56:43,1
David Lord,2023-06-06 21:56:05,1
David Lord,2023-06-06 21:55:47,1
David Lord,2023-06-02 00:19:16,2
David Lord,2023-06-02 00:17:53,1
David Lord,2023-06-02 00:16:49,1
dependabot[bot],2023-06-01 22:26:50,2
dependabot[bot],2023-06-01 22:26:46,1
dependabot[bot],2023-06-01 22:26:43,1
David Lord,2023-05-31 21:49:14,9
David Lord,2023-05-31 21:48:33,1
David Lord,2023-05-31 21:47:51,5
David Lord,2023-05-31 21:44:56,1
Jeroendevr,2023-05-24 14:43:36,1
Pedro Guilherme S. Moreira,2023-05-18 18:03:44,1
David Lord,2023-05-14 22:13:35,1
pgjones,2023-05-14 20:39:25,1
David Lord,2023-05-10 01:08:00,2
David Lord,2023-05-10 01:07:33,2
David Lord,2023-05-02 23:12:04,5
David Lord,2023-05-02 23:11:41,5
David Lord,2023-05-02 23:08:27,4
David Lord,2023-05-02 22:23:31,3
David Lord,2023-05-02 20:22:49,5
David Lord,2023-05-02 20:20:30,1
David Lord,2023-05-02 20:13:48,2
David Lord,2023-05-02 20:05:27,2
David Lord,2023-05-02 19:48:08,3
David Lord,2023-05-02 19:47:52,4
David Lord,2023-05-02 19:44:15,3
David Lord,2023-05-02 19:42:59,2
David Lord,2023-05-02 19:39:36,2
David Lord,2023-05-02 19:26:08,2
David Lord,2023-05-01 22:52:01,1
David Lord,2023-05-01 22:51:02,2
dependabot[bot],2023-05-01 22:48:16,2
David Lord,2023-05-01 22:47:25,2
dependabot[bot],2023-05-01 22:27:14,1
dependabot[bot],2023-05-01 22:27:10,2
David Lord,2023-05-01 21:31:40,1
David Lord,2023-05-01 21:12:27,4
David Lord,2023-05-01 21:05:10,2
David Lord,2023-05-01 21:05:10,2
David Lord,2023-05-01 20:52:58,3
David Lord,2023-05-01 20:48:03,3
David Lord,2023-05-01 20:43:12,1
David Lord,2023-05-01 20:41:41,2
David Lord,2023-05-01 20:40:52,2
David Lord,2023-05-01 20:40:25,1
David Lord,2023-05-01 20:32:46,2
David Lord,2023-04-26 02:51:36,2
David Lord,2023-04-26 01:38:38,2
David Lord,2023-04-26 01:36:22,2
Lucas Werkmeister,2023-04-26 01:20:43,2
David Lord,2023-04-26 01:18:16,2
David Lord,2023-04-26 00:12:22,2
David Lord,2023-04-26 00:05:06,2
David Lord,2023-04-26 00:03:30,5
David Lord,2023-04-25 23:58:59,5
David Lord,2023-04-25 23:25:41,1
David Lord,2023-04-25 23:23:09,3
David Lord,2023-04-25 23:11:20,4
David Lord,2023-04-25 23:11:10,2
David Lord,2023-04-25 23:11:10,1
David Lord,2023-04-25 23:10:57,4
David Lord,2023-04-25 22:30:01,1
David Lord,2023-04-24 23:51:42,1
EtiennePelletier,2023-04-24 22:36:27,1
David Lord,2023-04-21 00:19:26,13
David Lord,2023-04-21 00:08:04,13
David Lord,2023-04-20 23:41:52,14
David Lord,2023-04-20 23:39:55,14
David Lord,2023-04-20 22:45:58,2
David Lord,2023-04-20 22:23:38,3
David Lord,2023-04-20 22:06:51,19
David Lord,2023-04-20 21:54:44,19
David Lord,2023-04-16 01:00:20,10
David Lord,2023-04-16 00:57:24,8
David Lord,2023-04-16 00:55:09,5
David Lord,2023-04-16 00:50:57,6
David Lord,2023-04-16 00:27:46,1
David Lord,2023-04-16 00:23:56,1
David Lord,2023-04-15 20:09:35,1
David Lord,2023-04-14 22:15:20,3
David Lord,2023-04-14 22:13:00,3
emisargent,2023-04-13 22:33:49,3
David Lord,2023-04-13 20:54:58,1
David Lord,2023-04-13 20:48:14,1
David Lord,2023-04-13 20:38:27,5
pgjones,2023-04-13 20:35:42,5
David Lord,2023-04-13 20:21:11,18
David Lord,2023-04-13 20:09:24,18
David Lord,2023-04-13 02:13:23,1
Adam Dangoor,2023-04-13 02:00:28,1
David Lord,2023-04-13 01:59:05,1
lettow-humain,2023-04-13 01:49:54,1
David Lord,2023-04-13 01:40:34,5
David Lord,2023-04-13 01:08:22,5
David Lord,2023-04-12 23:27:53,4
David Lord,2023-04-12 23:27:14,4
David Lord,2023-04-12 23:25:00,4
David Lord,2023-04-12 04:04:39,1
David Lord,2023-04-12 04:03:44,5
David Lord,2023-04-12 04:03:34,4
David Lord,2023-04-06 03:26:26,1
David Lord,2023-04-04 19:30:49,1
pre-commit-ci[bot],2023-04-04 12:01:29,1
David Lord,2023-04-03 18:49:09,1
David Lord,2023-04-03 18:48:57,1
David Lord,2023-04-03 18:48:45,2
dependabot[bot],2023-04-01 22:27:11,1
dependabot[bot],2023-04-01 22:27:06,2
dependabot[bot],2023-04-01 22:27:01,1
Pamela Fox,2023-04-01 00:50:27,1
David Lord,2023-03-11 22:04:56,3
Evgeny Mozhaev,2023-03-11 21:56:36,3
David Lord,2023-03-11 21:53:08,11
David Lord,2023-03-11 21:51:58,3
David Lord,2023-03-11 21:49:22,3
David Lord,2023-03-11 21:11:19,6
David Lord,2023-03-11 21:08:14,6
David Lord,2023-03-11 21:02:12,1
David Lord,2023-03-11 21:00:21,1
David Lord,2023-03-09 00:34:53,1
martinamca,2023-03-08 23:58:33,1
David Lord,2023-03-01 22:34:40,1
David Lord,2023-03-01 22:32:06,1
dependabot[bot],2023-03-01 22:27:34,1
dependabot[bot],2023-03-01 22:27:31,1
David Lord,2023-02-24 05:28:29,4
David Lord,2023-02-24 05:28:21,4
David Lord,2023-02-24 00:43:18,4
AntoineMath,2023-02-24 00:40:21,4
David Lord,2023-02-24 00:29:28,4
David Lord,2023-02-23 23:35:57,4
David Lord,2023-02-23 23:04:17,4
David Lord,2023-02-23 22:59:36,2
David Lord,2023-02-23 22:58:42,3
David Lord,2023-02-23 22:29:37,8
David Lord,2023-02-23 22:25:01,8
David Lord,2023-02-23 22:15:38,16
David Lord,2023-02-23 22:05:16,16
David Lord,2023-02-16 19:57:41,6
David Lord,2023-02-16 19:57:25,6
David Lord,2023-02-16 04:18:09,4
David Lord,2023-02-16 04:14:24,10
David Lord,2023-02-16 04:03:32,2
David Lord,2023-02-16 04:03:32,8
David Lord,2023-02-11 04:37:24,1
David Lord,2023-02-11 04:36:38,15
David Lord,2023-02-11 04:24:49,2
David Lord,2023-02-11 04:18:02,3
David Lord,2023-02-11 00:23:02,1
David Lord,2023-02-11 00:20:48,1
David Lord,2023-02-11 00:12:47,2
David Lord,2023-02-11 00:08:44,2
David Lord,2023-02-10 23:05:31,9
David Lord,2023-02-10 22:46:53,9
David Lord,2023-02-10 00:20:42,1
David Lord,2023-02-09 08:14:10,1
Maxim G. Ivanov,2023-02-09 08:08:57,1
David Lord,2023-02-07 20:48:54,3
David Lord,2023-02-07 20:41:50,2
pre-commit-ci[bot],2023-02-07 10:13:02,1
pre-commit-ci[bot],2023-02-07 10:12:52,1
David Lord,2023-02-02 22:31:21,1
David Lord,2023-02-02 22:31:03,1
owgreen,2023-02-02 22:27:38,1
David Lord,2023-02-01 22:25:09,1
David Lord,2023-02-01 22:24:52,2
dependabot[bot],2023-02-01 21:31:30,1
dependabot[bot],2023-02-01 21:31:23,2
Andrii Kolomoiets,2023-01-23 20:31:49,1
David Lord,2023-01-21 03:20:23,6
David Lord,2023-01-21 03:19:30,11
David Lord,2023-01-21 03:15:15,5
David Lord,2023-01-21 03:12:50,6
David Lord,2023-01-19 20:05:15,3
David Lord,2023-01-19 00:08:38,32
David Lord,2023-01-19 00:02:51,3
David Lord,2023-01-19 00:02:51,24
David Lord,2023-01-19 00:02:51,6
David Lord,2023-01-10 02:15:16,1
David Lord,2023-01-10 02:09:48,4
David Lord,2023-01-10 00:41:02,1
Bhushan Mohanraj,2023-01-10 00:37:49,1
David Lord,2023-01-10 00:12:14,4
David Lord,2023-01-10 00:07:59,4
David Lord,2023-01-05 02:36:35,4
pgjones,2023-01-04 23:36:04,4
Josh Michael Karamuth,2023-01-04 21:49:52,2
David Lord,2023-01-03 20:54:17,1
dependabot[bot],2023-01-01 21:31:00,1
David Lord,2022-12-29 23:22:18,7
David Lord,2022-12-29 23:21:58,7
David Lord,2022-12-29 23:21:34,7
David Lord,2022-12-25 04:01:07,10
David Lord,2022-12-25 03:58:21,10
Grey Li,2022-12-25 03:54:49,9
Grey Li,2022-12-25 03:34:48,2
Jonah Lawrence,2022-12-24 23:57:20,3
David Lord,2022-12-24 23:51:59,16
David Lord,2022-12-24 23:50:56,4
Maxim G. Ivanov,2022-12-24 23:47:52,4
David Lord,2022-12-24 23:37:46,0
Maxim G. Ivanov,2022-12-24 23:33:47,1
David Lord,2022-12-24 23:27:53,1
Maxim G. Ivanov,2022-12-24 23:26:00,1
David Lord,2022-12-24 23:06:40,1
Asif Saif Uddin,2022-12-24 23:01:23,1
David Lord,2022-12-24 22:55:43,6
David Lord,2022-12-24 22:52:37,1
David Lord,2022-12-24 22:52:37,5
Grey Li,2022-12-22 19:18:45,1
Maxim G. Ivanov,2022-12-22 18:58:18,1
David Lord,2022-12-14 06:06:49,1
rayanth,2022-12-14 02:57:38,1
Grey Li,2022-12-10 11:12:03,1
pre-commit-ci[bot],2022-12-06 06:04:53,1
David Lord,2022-11-27 20:21:08,1
David Lord,2022-11-27 20:20:46,1
Dosenpfand,2022-11-27 17:40:14,1
Abdur-Rahmaan Janhangeer,2022-11-27 15:21:09,1
David Lord,2022-11-25 21:21:37,13
David Lord,2022-11-25 21:13:46,12
David Lord,2022-11-25 21:09:54,12
pre-commit-ci[bot],2022-11-08 10:08:32,1
Grey Li,2022-11-01 07:11:21,1
pre-commit-ci[bot],2022-11-01 05:36:23,1
Grey Li,2022-10-30 20:30:37,1
Jonah Lawrence,2022-10-30 20:25:51,3
Mat Steininger,2022-10-30 20:15:33,1
David Lord,2022-10-19 19:46:04,1
David Lord,2022-10-05 08:39:06,1
TehBrian,2022-10-05 06:42:13,1
pre-commit-ci[bot],2022-10-04 05:00:28,1
Yang Yang,2022-09-18 17:23:47,1
Maksim Salau,2022-09-14 18:38:38,1
waffle-stomper,2022-09-14 18:37:20,1
David Lord,2022-09-11 19:03:56,5
David Lord,2022-09-11 19:03:44,4
pre-commit-ci[bot],2022-09-08 00:37:20,1
David Lord,2022-09-02 21:23:04,0
Isaac Woodruff,2022-09-02 21:22:13,1
David Lord,2022-08-27 18:34:55,11
David Lord,2022-08-27 18:33:46,1
Kevin Kirsche,2022-08-22 21:35:52,1
David Lord,2022-08-22 21:30:33,2
David Lord,2022-08-21 20:26:09,1
Thomas Rhines,2022-08-21 19:54:03,1
David Lord,2022-08-17 21:54:58,1
Dillon Barnes,2022-08-17 21:30:25,1
David Lord,2022-08-16 01:07:11,1
David Lord,2022-08-15 20:04:50,1
David Lord,2022-08-15 19:59:34,1
Grey Li,2022-08-13 07:52:10,1
Oğuzhan Çelikarslan,2022-08-13 07:38:11,1
Grey Li,2022-08-09 19:38:08,1
Grey Li,2022-08-09 19:33:39,1
tautv,2022-08-09 14:15:02,1
Philipp Rohde,2022-08-09 13:18:02,1
David Lord,2022-08-09 04:58:50,3
David Lord,2022-08-09 04:54:25,2
David Lord,2022-08-09 04:51:40,2
David Lord,2022-08-09 04:49:32,3
David Lord,2022-08-09 04:44:00,3
David Lord,2022-08-08 22:58:08,1
David Lord,2022-08-08 22:57:57,1
David Lord,2022-08-06 00:05:36,11
David Lord,2022-08-06 00:05:15,1
David Lord,2022-08-05 23:59:39,1
David Lord,2022-08-05 23:58:22,10
David Lord,2022-08-04 20:03:17,3
David Lord,2022-08-04 19:57:50,2
David Lord,2022-08-04 19:54:20,2
David Lord,2022-08-04 19:51:17,2
David Lord,2022-08-04 05:39:43,11
David Lord,2022-08-04 05:21:22,2
David Lord,2022-08-04 05:10:28,2
David Lord,2022-08-04 05:09:35,5
David Lord,2022-08-03 22:32:18,5
David Lord,2022-08-03 21:52:03,5
David Lord,2022-08-03 19:17:31,2
David Lord,2022-08-02 06:16:58,1
David Lord,2022-08-02 06:16:38,1
David Lord,2022-08-02 05:42:09,2
David Lord,2022-08-02 05:39:49,2
David Lord,2022-08-02 05:37:58,1
David Lord,2022-08-02 05:37:27,1
David Lord,2022-08-02 05:34:12,8
David Lord,2022-08-02 05:28:55,8
pre-commit-ci[bot],2022-08-02 04:48:11,1
David Lord,2022-08-02 03:49:16,14
David Lord,2022-08-02 03:41:35,7
David Lord,2022-08-02 03:41:21,5
David Lord,2022-08-02 00:09:31,3
David Lord,2022-08-01 23:26:14,1
David Lord,2022-08-01 23:22:12,1
David Lord,2022-08-01 23:14:31,6
David Lord,2022-08-01 23:04:13,6
David Lord,2022-07-25 20:05:17,1
David Lord,2022-07-25 08:07:30,2
David Lord,2022-07-25 08:06:31,1
David Lord,2022-07-25 08:05:28,1
David Lord,2022-07-25 07:12:11,2
David Lord,2022-07-15 02:47:38,3
Matthijs van der Vleuten,2022-07-15 02:45:05,3
David Lord,2022-07-14 02:33:01,1
David Lord,2022-07-14 02:32:50,1
David Lord,2022-07-14 02:28:07,9
David Lord,2022-07-14 02:24:33,2
David Lord,2022-07-14 02:21:42,2
David Lord,2022-07-14 02:20:05,2
Yourun-Proger,2022-07-14 02:15:42,2
David Lord,2022-07-14 02:09:51,6
David Lord,2022-07-13 22:25:00,13
David Lord,2022-07-13 20:12:52,13
David Lord,2022-07-12 05:20:10,1
Pedro Torcatt,2022-07-12 03:32:00,1
David Lord,2022-07-10 17:06:55,1
Pedro Torcatt,2022-07-10 16:52:56,1
David Lord,2022-07-09 18:14:52,7
pgjones,2022-07-09 18:11:35,7
David Lord,2022-07-09 00:32:18,1
David Lord,2022-07-09 00:28:44,23
David Lord,2022-07-08 23:43:09,9
David Lord,2022-07-08 23:43:09,13
David Lord,2022-07-08 23:43:09,5
David Lord,2022-07-08 23:43:09,1
David Lord,2022-07-08 23:43:09,1
David Lord,2022-07-08 22:58:01,1
Earl C. Ruby III,2022-07-08 22:51:42,1
David Lord,2022-07-08 19:11:56,1
pgjones,2022-07-08 19:03:20,1
Phil Jones,2022-07-07 02:35:20,6
David Lord,2022-07-06 18:03:05,2
Ties Jan Hefting,2022-07-06 15:17:50,2
David Lord,2022-07-05 05:33:08,1
David Lord,2022-07-05 04:25:54,1
pre-commit-ci[bot],2022-07-05 04:07:19,1
David Lord,2022-07-04 21:05:36,1
David Lord,2022-07-03 10:18:06,6
David Lord,2022-07-03 10:11:37,2
David Lord,2022-07-03 10:11:37,3
Grey Li,2022-07-03 10:11:32,3
David Lord,2022-07-03 09:33:09,1
David Lord,2022-07-03 09:32:00,1
David Lord,2022-07-02 02:44:37,3
David Lord,2022-07-02 02:29:44,2
David Lord,2022-07-02 02:14:31,2
David Lord,2022-07-02 02:02:50,5
David Lord,2022-07-02 01:05:24,10
David Lord,2022-07-02 00:31:44,10
David Lord,2022-07-01 22:15:43,1
dependabot[bot],2022-07-01 21:35:52,1
David Lord,2022-06-30 09:51:52,3
David Lord,2022-06-30 09:49:28,3
David Lord,2022-06-29 05:08:09,2
David Lord,2022-06-29 04:58:33,2
David Lord,2022-06-28 18:57:24,1
hankhank10,2022-06-28 18:54:46,1
David Lord,2022-06-23 18:30:33,1
hankhank10,2022-06-23 18:24:56,1
David Lord,2022-06-19 00:54:13,11
pgjones,2022-06-19 00:50:53,7
pgjones,2022-06-18 23:55:05,5
David Lord,2022-06-18 00:35:19,3
Kevin Kirsche,2022-06-18 00:31:48,3
David Lord,2022-06-18 00:27:22,6
David Lord,2022-06-18 00:22:01,6
David Lord,2022-06-17 22:00:28,18
David Lord,2022-06-17 21:56:26,15
David Lord,2022-06-17 20:49:55,3
David Lord,2022-06-16 02:47:45,5
David Lord,2022-06-16 02:39:56,3
David Lord,2022-06-16 01:15:22,3
David Lord,2022-06-13 18:38:45,1
David Lord,2022-06-13 04:34:01,1
David Lord,2022-06-13 04:33:51,1
David Lord,2022-06-13 02:40:51,15
David Lord,2022-06-13 02:33:55,15
David Lord,2022-06-13 02:30:00,15
David Lord,2022-06-12 02:46:51,12
David Lord,2022-06-12 02:33:01,11
David Lord,2022-06-12 02:14:46,3
David Lord,2022-06-09 21:54:26,1
Dan Mirsky,2022-06-09 21:42:10,1
David Lord,2022-06-08 20:00:29,8
David Lord,2022-06-07 04:22:48,4
David Lord,2022-06-07 04:18:36,1
David Lord,2022-06-07 04:03:46,2
David Lord,2022-06-07 03:41:01,3
David Lord,2022-06-06 22:41:00,6
David Lord,2022-06-06 22:34:05,6
David Lord,2022-06-06 22:00:30,11
David Lord,2022-06-06 21:56:53,4
David Lord,2022-06-06 21:47:53,1
David Lord,2022-06-06 20:54:05,3
Evgeny Prigorodov,2022-06-06 20:46:00,3
David Lord,2022-06-06 04:24:08,7
David Lord,2022-06-06 04:19:41,1
David Lord,2022-06-06 04:15:22,1
David Lord,2022-06-06 04:14:28,4
David Lord,2022-06-06 04:13:53,5
Numerlor,2022-06-05 06:27:49,1
David Lord,2022-06-02 04:40:31,1
Nick Kocharhook,2022-06-02 00:46:21,1
lecovi,2022-06-02 00:04:51,1
David Lord,2022-06-01 23:57:08,11
David Lord,2022-06-01 23:53:09,2
David Lord,2022-05-31 21:40:36,1
Stanislav Bushuev,2022-05-31 21:21:39,1
David Lord,2022-05-24 02:26:19,7
David Lord,2022-05-24 01:51:22,5
Justin Bull,2022-05-24 01:51:22,2
David Lord,2022-05-23 23:24:02,2
David Lord,2022-05-23 23:14:48,1
Nathan Brown,2022-05-23 23:12:51,1
David Lord,2022-05-23 22:49:59,1
lecovi,2022-05-23 22:46:45,1
David Lord,2022-05-23 22:38:52,8
David Lord,2022-05-23 22:38:43,5
David Lord,2022-05-23 22:21:58,3
David Lord,2022-05-23 22:16:20,3
David Lord,2022-05-23 21:42:45,5
David Lord,2022-05-23 21:39:12,1
David Lord,2022-05-23 21:39:12,3
Chris Hallacy,2022-05-23 21:39:12,3
David Lord,2022-05-15 21:24:26,2
David Lord,2022-05-15 21:18:30,2
David Lord,2022-05-15 01:20:37,3
David Lord,2022-05-15 01:16:01,3
Ivan Sushkov,2022-05-15 01:15:18,2
David Lord,2022-05-13 05:03:40,3
David Lord,2022-05-13 02:15:37,5
dzcode,2022-05-13 01:59:54,5
David Lord,2022-05-11 22:09:26,10
David Lord,2022-05-11 21:52:19,5
Tim Hoagland,2022-05-10 23:32:24,5
David Lord,2022-05-10 22:05:05,3
David Lord,2022-05-10 21:58:43,3
David Lord,2022-05-10 21:49:03,5
Luis Palacios,2022-05-10 21:46:44,5
David Lord,2022-05-04 18:37:40,1
David Lord,2022-05-04 18:33:31,1
David Lord,2022-05-03 23:47:03,13
Stanislav Bushuev,2022-05-03 23:41:55,13
David Lord,2022-05-03 23:26:11,4
Qingpeng Li,2022-05-03 23:22:11,4
David Lord,2022-05-02 23:41:56,1
Maria Andrea Vignau,2022-05-02 23:28:24,1
David Lord,2022-05-02 21:59:38,1
DailyDreaming,2022-05-02 21:41:07,1
David Lord,2022-04-28 23:18:05,5
David Lord,2022-04-28 23:16:41,2
David Lord,2022-04-28 23:14:02,2
David Lord,2022-04-28 22:05:49,4
David Lord,2022-04-28 22:02:31,4
David Lord,2022-04-28 21:29:47,4
David Lord,2022-04-28 21:29:40,3
David Lord,2022-04-25 21:33:29,1
Bo Bayles,2022-04-25 21:25:30,1
David Lord,2022-04-24 22:50:07,5
David Lord,2022-04-24 22:49:58,5
David Lord,2022-04-24 22:44:53,5
David Lord,2022-04-24 22:37:31,3
James Warne,2022-04-24 22:31:40,3
David Lord,2022-04-24 22:28:01,2
Rafael Zimmer,2022-04-24 22:23:10,2
David Lord,2022-04-24 22:20:55,2
David Lord,2022-04-13 22:33:22,1
MeViMo,2022-04-13 22:19:51,1
David Lord,2022-04-11 18:41:37,1
David Lord,2022-04-08 23:36:32,3
David Lord,2022-04-08 23:35:19,1
MeViMo,2022-04-08 23:33:06,1
David Lord,2022-04-08 23:32:45,1
LarsMoons,2022-04-08 23:27:02,1
David Lord,2022-04-08 23:26:25,1
David Lord,2022-04-08 23:23:28,1
pre-commit-ci[bot],2022-04-08 23:23:20,1
David Lord,2022-04-02 02:25:05,5
David Lord,2022-04-02 02:24:39,5
David Lord,2022-04-02 02:14:13,5
David Lord,2022-04-01 21:38:47,1
dependabot[bot],2022-04-01 21:34:08,1
David Lord,2022-03-31 03:09:31,2
David Lord,2022-03-31 03:07:30,1
David Lord,2022-03-31 03:05:07,1
David Lord,2022-03-31 03:03:50,1
David Lord,2022-03-31 02:58:18,1
David Lord,2022-03-31 02:53:02,2
David Lord,2022-03-31 02:40:12,2
David Lord,2022-03-31 02:31:10,2
David Lord,2022-03-29 00:47:25,2
David Lord,2022-03-29 00:42:02,4
David Lord,2022-03-29 00:39:35,2
David Lord,2022-03-29 00:39:35,1
David Lord,2022-03-29 00:39:35,1
David Lord,2022-03-26 00:54:31,1
David Lord,2022-03-26 00:44:29,4
David Lord,2022-03-26 00:37:45,2
David Lord,2022-03-26 00:24:45,4
pgjones,2022-03-26 00:24:03,3
David Lord,2022-03-26 00:23:03,6
David Lord,2022-03-26 00:18:26,6
David Lord,2022-03-23 21:48:20,4
David Lord,2022-03-23 21:43:45,1
David Lord,2022-03-23 20:56:22,2
David Lord,2022-03-23 20:55:22,3
David Lord,2022-03-22 19:16:52,1
octopoulpe,2022-03-22 14:59:00,1
David Lord,2022-03-15 21:18:47,3
David Lord,2022-03-15 21:14:09,3
David Lord,2022-03-15 21:06:16,6
David Lord,2022-03-15 21:02:15,3
David Lord,2022-03-15 21:02:15,5
David Lord,2022-03-15 19:08:35,2
uedvt359,2022-03-15 19:05:29,2
David Lord,2022-03-08 20:20:25,1
Tushar Sadhwani,2022-03-08 20:13:30,1
David Lord,2022-03-01 22:19:14,1
dependabot[bot],2022-03-01 21:34:16,1
David Lord,2022-02-23 08:43:29,2
David Lord,2022-02-23 08:34:03,2
David Lord,2022-02-19 20:42:40,1
David Lord,2022-02-18 05:56:16,1
David Lord,2022-02-18 05:56:06,1
Colin Adams,2022-02-17 10:42:01,1
David Lord,2022-02-15 01:36:57,3
David Lord,2022-02-15 01:16:23,2
David Lord,2022-02-15 01:04:37,2
David Lord,2022-02-14 03:39:07,2
David Lord,2022-02-14 03:36:51,2
David Lord,2022-02-10 02:23:19,3
Mickaël Guérin,2022-02-10 02:14:03,3
David Lord,2022-02-10 01:09:48,2
David Lord,2022-02-10 00:43:03,2
David Lord,2022-02-09 21:09:33,3
David Lord,2022-02-09 21:07:43,23
David Lord,2022-02-09 02:06:55,13
David Lord,2022-02-09 01:56:25,1
David Lord,2022-02-09 01:56:25,1
David Lord,2022-02-09 01:56:25,2
David Lord,2022-02-09 01:56:25,9
David Lord,2022-02-08 23:57:11,1
David Lord,2022-02-08 23:56:21,1
David Lord,2022-02-08 23:54:57,3
David Lord,2022-02-08 21:09:59,1
pre-commit-ci[bot],2022-02-08 02:49:46,1
Stefane Fermigier,2022-01-27 16:13:42,1
K900,2022-01-17 22:06:57,3
David Lord,2022-01-14 23:08:02,2
David Lord,2022-01-14 23:04:07,2
David Lord,2022-01-14 22:04:55,1
Cameron Dahl,2022-01-14 22:02:36,1
David Lord,2022-01-14 21:59:30,9
otherJL0,2022-01-14 21:56:50,9
David Lord,2022-01-14 04:13:23,1
David Lord,2022-01-14 04:12:36,4
David Lord,2022-01-14 00:40:12,5
David Lord,2022-01-14 00:40:06,5
David Lord,2021-12-23 08:37:07,1
David Lord,2021-12-23 08:36:08,1
David Lord,2021-12-23 08:32:52,4
David Lord,2021-12-23 08:32:25,1
David Lord,2021-12-23 08:28:07,1
David Lord,2021-12-23 07:54:48,1
Grey Li,2021-12-23 07:29:28,1
David Lord,2021-12-23 07:19:30,2
David Lord,2021-12-23 07:14:37,2
Yourun-Proger,2021-12-23 07:05:17,2
David Lord,2021-12-23 06:40:24,2
olliemath,2021-12-23 06:37:04,2
David Lord,2021-12-23 05:26:45,1
David Lord,2021-12-23 05:23:23,1
David Lord,2021-12-23 05:15:44,1
dependabot[bot],2021-12-23 05:13:55,1
David Lord,2021-12-23 05:13:28,1
David Lord,2021-12-23 05:13:13,1
David Lord,2021-12-23 04:51:31,11
David Lord,2021-12-23 04:50:12,6
David Lord,2021-12-23 04:46:48,6
David Lord,2021-12-16 10:01:59,1
Jürgen Gmach,2021-12-16 08:58:09,1
David Lord,2021-11-16 22:35:33,5
David Lord,2021-11-16 22:34:18,4
David Lord,2021-11-16 22:04:55,1
David Lord,2021-11-16 21:08:42,2
David Lord,2021-11-16 21:05:02,2
David Lord,2021-11-16 20:04:30,2
pgjones,2021-11-16 20:01:51,2
David Lord,2021-11-16 20:00:19,4
David Lord,2021-11-16 19:52:50,1
David Lord,2021-11-16 19:49:01,1
David Lord,2021-11-16 03:33:47,2
Henry Kobin,2021-11-16 03:30:23,2
David Lord,2021-11-16 03:07:42,2
Bojan Delić,2021-11-16 03:05:24,2
David Lord,2021-11-16 02:56:06,9
David Lord,2021-11-16 02:54:49,11
David Lord,2021-11-16 02:43:18,2
David Lord,2021-11-16 02:39:04,3
David Lord,2021-11-16 02:38:34,6
David Lord,2021-11-15 20:16:25,1
David Lord,2021-11-12 23:24:10,10
David Lord,2021-11-12 23:22:16,2
David Lord,2021-11-12 23:22:16,3
David Lord,2021-11-12 23:22:16,2
David Lord,2021-11-12 23:22:16,4
David Lord,2021-11-12 23:22:16,2
David Lord,2021-11-12 23:22:16,2
David Lord,2021-11-12 23:22:16,3
David Lord,2021-11-12 08:07:43,15
David Lord,2021-11-12 08:02:07,1
David Lord,2021-11-12 05:42:08,6
David Lord,2021-11-12 05:41:43,9
David Lord,2021-11-07 19:50:43,1
Chenwei Xiao,2021-11-07 08:10:52,1
David Lord,2021-11-05 21:48:57,4
David Lord,2021-11-05 21:48:35,4
David Lord,2021-11-05 21:43:55,4
David Lord,2021-11-02 01:11:10,10
David Lord,2021-11-02 01:10:52,5
David Lord,2021-11-02 01:08:38,5
Ryan Nevius,2021-10-18 14:11:39,1
David Lord,2021-10-17 00:22:50,2
karintou8710,2021-10-15 22:34:07,2
David Lord,2021-10-13 21:09:29,3
Kevin Kirsche,2021-10-13 20:42:51,3
David Lord,2021-10-05 21:45:54,1
David Lord,2021-10-05 21:45:30,1
David Lord,2021-10-05 21:41:00,1
David Lord,2021-10-05 20:37:04,1
David Lord,2021-10-05 20:36:49,1
David Lord,2021-10-05 20:33:30,1
David Lord,2021-10-04 20:06:44,1
David Lord,2021-10-04 20:01:29,2
David Lord,2021-10-04 19:56:47,2
David Lord,2021-10-04 09:09:19,8
David Lord,2021-10-04 09:08:28,3
David Lord,2021-10-04 09:06:21,1
Matthias Paulsen,2021-10-04 08:57:24,3
David Lord,2021-10-02 08:22:05,1
Makonede,2021-10-02 08:16:54,1
David Lord,2021-10-01 22:48:07,3
Seth Rutner,2021-10-01 22:46:20,3
David Lord,2021-10-01 22:37:27,1
